"Time (s)","Latitude (째)","Longitude (째)","Height (m)","Velocity (m/s)","Direction (째)","Horizontal Accuracy (m)","Vertical Accuracy (째)"
0.000000000E0,4.767359602E1,1.767641658E1,1.161502228E2,-1.000000000E0,-1.000000000E0,2.061973587E2,2.061973587E2
1.006793976E-2,4.767333100E1,1.767655059E1,1.161256027E2,-1.000000000E0,-1.000000000E0,6.500000000E1,6.500000000E1
1.006793976E-2,4.767332785E1,1.767655217E1,1.161088104E2,-1.000000000E0,-1.000000000E0,6.500000000E1,6.500000000E1
5.023239851E-1,4.767332010E1,1.767671530E1,1.160956192E2,-1.000000000E0,-1.000000000E0,6.500000000E1,6.500000000E1
1.700048923E0,4.767331663E1,1.767676375E1,1.160837479E2,-1.000000000E0,-1.000000000E0,6.500000000E1,6.500000000E1
1.863680005E0,4.767316216E1,1.767662635E1,1.234156311E2,9.383738518E0,-1.000000000E0,1.600000000E1,1.600000000E1
2.863670826E0,4.767306743E1,1.767657582E1,1.028286438E2,1.004906368E1,-1.000000000E0,1.600000000E1,1.600000000E1
3.863662720E0,4.767298947E1,1.767650388E1,1.029976685E2,1.004906368E1,-1.000000000E0,2.400000000E1,2.400000000E1
4.863654256E0,4.767292490E1,1.767639632E1,1.030747513E2,1.008616638E1,-1.000000000E0,1.600000000E1,1.600000000E1
5.863645911E0,4.767284894E1,1.767629558E1,1.031143295E2,1.090932083E1,-1.000000000E0,1.600000000E1,1.600000000E1
6.863637924E0,4.767276863E1,1.767619651E1,1.031372772E2,1.180760002E1,-1.000000000E0,1.600000000E1,1.600000000E1
7.681416512E0,4.767268705E1,1.767609768E1,1.031512024E2,1.220709896E1,-1.000000000E0,1.600000000E1,1.600000000E1
8.681408763E0,4.767260451E1,1.767596142E1,1.163238866E2,1.180760002E1,-1.000000000E0,1.600241655E1,1.600241655E1
9.669667125E0,4.767261829E1,1.767590465E1,1.177569049E2,1.178299427E1,6.354218473E0,1.600241655E1,1.600241655E1
1.051766109E1,4.767262273E1,1.767587565E1,1.192209084E2,1.152110100E1,3.478149799E2,1.600241655E1,1.600241655E1
1.172730112E1,4.767262794E1,1.767579539E1,1.193693961E2,4.206250191E0,3.137511599E2,1.600241655E1,1.600241655E1
1.272729433E1,4.767257753E1,1.767570645E1,1.193856731E2,6.234926701E0,2.302215800E2,1.600241655E1,1.600241655E1
1.381508636E1,4.767245472E1,1.767563636E1,1.193881660E2,6.234926701E0,2.144083397E2,1.200181241E1,1.200181241E1
1.481508040E1,4.767233938E1,1.767554348E1,1.193889509E2,1.106650829E1,2.189385583E2,1.200181241E1,1.200181241E1
1.582071328E1,4.767223690E1,1.767544686E1,1.193893590E2,1.181617355E1,2.184832442E2,1.200181241E1,1.200181241E1
1.682070637E1,4.767209478E1,1.767530825E1,1.193896058E2,1.250630856E1,2.184254150E2,8.001208274E0,8.001208274E0
1.783136559E1,4.767202607E1,1.767525841E1,1.194186755E2,1.250630856E1,2.205247955E2,8.001208274E0,8.001208274E0
1.883135951E1,4.767190313E1,1.767513197E1,1.194107610E2,1.268902302E1,2.205247955E2,1.200181241E1,1.200181241E1
2.038118613E1,4.767180377E1,1.767500938E1,1.194493830E2,1.271375942E1,2.205247955E2,1.200181241E1,1.200181241E1
2.138117862E1,4.767170996E1,1.767488424E1,1.196195919E2,1.272416592E1,2.205247955E2,6.000906205E0,6.000906205E0
2.238130963E1,4.767162549E1,1.767475862E1,1.198454766E2,1.271375942E1,2.205247955E2,6.000906205E0,6.000906205E0
2.338144708E1,4.767154051E1,1.767464340E1,1.200466754E2,1.230634975E1,2.205247955E2,6.000906205E0,6.000906205E0
2.438158035E1,4.767145488E1,1.767454171E1,1.201759856E2,1.174792576E1,2.205247955E2,6.000906205E0,6.000906205E0
2.538169980E1,4.767136947E1,1.767444298E1,1.202565649E2,1.226856899E1,2.205247955E2,6.000906205E0,6.000906205E0
2.638181698E1,4.767127948E1,1.767433869E1,1.203067280E2,1.226856899E1,2.205247955E2,6.000906205E0,6.000906205E0
2.738192248E1,4.767119016E1,1.767421430E1,1.203380153E2,1.275314426E1,2.243115540E2,6.000906205E0,6.000906205E0
2.838200188E1,4.767110295E1,1.767408827E1,1.203575274E2,1.330817223E1,2.243115540E2,8.001208274E0,8.001208274E0
2.938207436E1,4.767101500E1,1.767396072E1,1.203803252E2,1.337727642E1,2.243115540E2,8.001208274E0,8.001208274E0
3.038214016E1,4.767091528E1,1.767384863E1,1.205035507E2,1.330817223E1,2.243115540E2,6.000906205E0,6.000906205E0
3.138220513E1,4.767082553E1,1.767372528E1,1.206766032E2,1.330509949E1,2.243115540E2,8.001208274E0,8.001208274E0
3.238226628E1,4.767073270E1,1.767359585E1,1.207338026E2,1.337551594E1,2.243115540E2,8.001208274E0,8.001208274E0
3.338232243E1,4.767064520E1,1.767346618E1,1.207442879E2,1.337551594E1,2.243115540E2,6.000906205E0,6.000906205E0
3.438237381E1,4.767056224E1,1.767333092E1,1.208540049E2,1.315685940E1,2.243115540E2,6.000906205E0,6.000906205E0
3.538242173E1,4.767048121E1,1.767319191E1,1.210309800E2,1.315586758E1,2.237866821E2,6.000906205E0,6.000906205E0
3.638246596E1,4.767040445E1,1.767306205E1,1.210388173E2,1.270816135E1,2.237866821E2,6.000906205E0,6.000906205E0
3.738250792E1,4.767032554E1,1.767293968E1,1.210072051E2,1.270816135E1,2.247891235E2,6.000906205E0,6.000906205E0
3.838254726E1,4.767023889E1,1.767282686E1,1.209589725E2,1.257033062E1,2.281587219E2,6.000906205E0,6.000906205E0
3.938258338E1,4.767015286E1,1.767270571E1,1.208612735E2,1.257033062E1,2.281587219E2,6.000906205E0,6.000906205E0
4.038261759E1,4.767012570E1,1.767267195E1,1.208084510E2,1.289034176E1,2.281587219E2,6.000906205E0,6.000906205E0
4.138264930E1,4.766998596E1,1.767244701E1,1.207362757E2,1.291675568E1,2.259216156E2,6.000906205E0,6.000906205E0
4.238267910E1,4.766990816E1,1.767232212E1,1.206259652E2,1.291675568E1,2.259216156E2,6.000906205E0,6.000906205E0
4.338270700E1,4.766982471E1,1.767218503E1,1.205793385E2,1.311314964E1,2.259216156E2,6.000906205E0,6.000906205E0
4.438273144E1,4.766974129E1,1.767205307E1,1.204963295E2,1.334702110E1,2.259216156E2,6.000906205E0,6.000906205E0
4.538275635E1,4.766965950E1,1.767192384E1,1.204403480E2,1.338078880E1,2.301316223E2,6.000906205E0,6.000906205E0
4.638277805E1,4.766957638E1,1.767178793E1,1.204906153E2,1.338078880E1,2.301316223E2,6.000906205E0,6.000906205E0
4.738279831E1,4.766949093E1,1.767165522E1,1.205376647E2,1.347106934E1,2.301316223E2,6.000906205E0,6.000906205E0
4.838281679E1,4.766941470E1,1.767151503E1,1.204887976E2,1.348800182E1,2.301316223E2,6.000906205E0,6.000906205E0
4.938283420E1,4.766933717E1,1.767137247E1,1.204887586E2,1.348800182E1,2.301316223E2,4.000604137E0,4.000604137E0
5.038285184E1,4.766925719E1,1.767123382E1,1.205781834E2,1.346063995E1,2.301316223E2,4.000604137E0,4.000604137E0
5.138286722E1,4.766918018E1,1.767109516E1,1.206201673E2,1.337223339E1,2.301316223E2,4.000604137E0,4.000604137E0
5.238288224E1,4.766910436E1,1.767095531E1,1.205440556E2,1.334068489E1,2.292870026E2,4.000604137E0,4.000604137E0
5.338289559E1,4.766902927E1,1.767080998E1,1.205632648E2,1.334068489E1,2.292870026E2,4.000604137E0,4.000604137E0
5.438290834E1,4.766895751E1,1.767067888E1,1.206587892E2,1.334068489E1,2.292870026E2,4.000604137E0,4.000604137E0
5.538291883E1,4.766887849E1,1.767053618E1,1.206851370E2,1.345854282E1,2.352178192E2,4.000604137E0,4.000604137E0
5.638292968E1,4.766880417E1,1.767039680E1,1.205992632E2,1.375573730E1,2.322636261E2,4.000604137E0,4.000604137E0
5.738294017E1,4.766872597E1,1.767024922E1,1.205667943E2,1.375573730E1,2.322636261E2,6.000906205E0,6.000906205E0
5.838294780E1,4.766865709E1,1.767010577E1,1.205050177E2,1.335044289E1,2.322636261E2,4.000604137E0,4.000604137E0
5.938295555E1,4.766858610E1,1.766996518E1,1.204622968E2,1.335044289E1,2.399596863E2,4.000604137E0,4.000604137E0
6.038296294E1,4.766852472E1,1.766980761E1,1.204352006E2,1.324570656E1,2.459866333E2,4.000604137E0,4.000604137E0
6.138297009E1,4.766847439E1,1.766964763E1,1.204182362E2,1.346930218E1,2.459866333E2,4.000604137E0,4.000604137E0
6.238297594E1,4.766843520E1,1.766950129E1,1.203627617E2,1.346930218E1,2.459866333E2,4.000604137E0,4.000604137E0
6.338298166E1,4.766838288E1,1.766930501E1,1.202673324E2,1.380809498E1,2.464513550E2,4.000604137E0,4.000604137E0
6.438298595E1,4.766834197E1,1.766913638E1,1.202413100E2,1.345526409E1,2.464513550E2,4.000604137E0,4.000604137E0
6.538299108E1,4.766829769E1,1.766896990E1,1.202439812E2,1.345526409E1,2.464513550E2,4.000604137E0,4.000604137E0
6.638299453E1,4.766823561E1,1.766881999E1,1.200851937E2,1.345526409E1,2.464513550E2,4.000604137E0,4.000604137E0
6.738299823E1,4.766815865E1,1.766867746E1,1.199294727E2,1.346594906E1,2.304120789E2,4.000604137E0,4.000604137E0
6.838300109E1,4.766808210E1,1.766853337E1,1.197879699E2,1.360323429E1,2.304120789E2,4.000604137E0,4.000604137E0
6.938300252E1,4.766800285E1,1.766839493E1,1.196446615E2,1.360323429E1,2.304120789E2,4.000604137E0,4.000604137E0
7.038300514E1,4.766792497E1,1.766826345E1,1.196124779E2,1.347503185E1,2.304120789E2,4.000604137E0,4.000604137E0
7.138300824E1,4.766784654E1,1.766812699E1,1.196541387E2,1.342873955E1,2.304120789E2,4.000604137E0,4.000604137E0
7.238300943E1,4.766777006E1,1.766798820E1,1.196325693E2,1.347940731E1,2.304120789E2,4.000604137E0,4.000604137E0
7.338301086E1,4.766769206E1,1.766785020E1,1.195587266E2,1.351278782E1,2.304120789E2,4.000604137E0,4.000604137E0
7.438301075E1,4.766761933E1,1.766770439E1,1.196013850E2,1.351278782E1,2.308099976E2,4.000604137E0,4.000604137E0
7.538301110E1,4.766754196E1,1.766756203E1,1.197258413E2,1.372368717E1,2.308099976E2,4.000604137E0,4.000604137E0
7.638301229E1,4.766746379E1,1.766742134E1,1.199074901E2,1.340766621E1,2.312412872E2,4.000604137E0,4.000604137E0
7.738301241E1,4.766738784E1,1.766728295E1,1.199990162E2,1.340766621E1,2.312412872E2,4.000604137E0,4.000604137E0
7.838301206E1,4.766731607E1,1.766714051E1,1.199795083E2,1.333010483E1,2.312412872E2,4.000604137E0,4.000604137E0
7.938301182E1,4.766724206E1,1.766700121E1,1.200023866E2,1.333010483E1,2.312412872E2,4.000604137E0,4.000604137E0
8.038301158E1,4.766717226E1,1.766685722E1,1.201101294E2,1.325633049E1,2.312412872E2,4.000604137E0,4.000604137E0
8.138301063E1,4.766710513E1,1.766671679E1,1.202529044E2,1.283673000E1,2.312412872E2,4.000604137E0,4.000604137E0
8.238301015E1,4.766703326E1,1.766658108E1,1.203336217E2,1.286378479E1,2.322955017E2,4.000604137E0,4.000604137E0
8.338300908E1,4.766696615E1,1.766645045E1,1.203245823E2,1.283673000E1,2.322955017E2,4.000604137E0,4.000604137E0
8.438300836E1,4.766690472E1,1.766634925E1,1.203272489E2,1.286378479E1,2.322955017E2,4.000604137E0,4.000604137E0
8.538300693E1,4.766681406E1,1.766618778E1,1.204173013E2,1.301491928E1,2.244357910E2,4.000604137E0,4.000604137E0
8.638300550E1,4.766673111E1,1.766605947E1,1.205751988E2,1.304073524E1,2.244357910E2,6.000906205E0,6.000906205E0
8.738300347E1,4.766664628E1,1.766593508E1,1.207186222E2,1.304073524E1,2.244364166E2,6.000906205E0,6.000906205E0
8.838300216E1,4.766656820E1,1.766581845E1,1.207567911E2,1.289606094E1,2.244364166E2,6.000906205E0,6.000906205E0
8.938299990E1,4.766648575E1,1.766571214E1,1.207557878E2,1.217614460E1,2.244364166E2,6.000906205E0,6.000906205E0
9.038299823E1,4.766640930E1,1.766559713E1,1.208509663E2,1.217614460E1,2.244364166E2,6.000906205E0,6.000906205E0
9.138299632E1,4.766633459E1,1.766548047E1,1.210130431E2,1.240768814E1,2.244364166E2,6.000906205E0,6.000906205E0
9.238299453E1,4.766625524E1,1.766536708E1,1.211994427E2,1.240768814E1,2.289449921E2,6.000906205E0,6.000906205E0
9.338299263E1,4.766617910E1,1.766524815E1,1.213271220E2,1.197763443E1,2.289449921E2,6.000906205E0,6.000906205E0
9.438299048E1,4.766611080E1,1.766513816E1,1.213563420E2,1.156085300E1,2.289449921E2,6.000906205E0,6.000906205E0
9.538298857E1,4.766604060E1,1.766502297E1,1.213700031E2,1.134678173E1,2.289449921E2,6.000906205E0,6.000906205E0
9.538298857E1,4.766514966E1,1.766364041E1,1.177654648E2,-1.000000000E0,-1.000000000E0,6.500000000E1,6.500000000E1
9.578719163E1,4.766492804E1,1.766320333E1,1.171322937E2,-1.000000000E0,-1.000000000E0,6.500000000E1,6.500000000E1
9.703422558E1,4.766502608E1,1.766324354E1,1.168134003E2,-1.000000000E0,-1.000000000E0,6.500000000E1,6.500000000E1
9.789393008E1,4.766473180E1,1.766298422E1,1.118291540E2,1.003941154E1,-1.000000000E0,1.600000000E1,1.600000000E1
9.889392674E1,4.766466683E1,1.766289180E1,1.031740402E2,1.003941154E1,-1.000000000E0,4.800000000E1,4.800000000E1
9.989392364E1,4.766461233E1,1.766282730E1,1.031740402E2,9.493937492E0,-1.000000000E0,2.400000000E1,2.400000000E1
1.008982754E2,4.766456596E1,1.766276077E1,1.031740402E2,7.850228310E0,-1.000000000E0,2.400000000E1,2.400000000E1
1.018874091E2,4.766450062E1,1.766272348E1,1.031740402E2,7.568546295E0,-1.000000000E0,1.600000000E1,1.600000000E1
1.028874068E2,4.766442623E1,1.766265442E1,1.238792534E2,6.891296506E-1,-1.000000000E0,1.600241655E1,1.600241655E1
1.038874030E2,4.766441384E1,1.766262879E1,1.177684035E2,1.514217854E0,-1.000000000E0,1.200181241E1,1.200181241E1
1.049883990E2,4.766437582E1,1.766259031E1,1.192278398E2,1.514217854E0,2.173181779E2,1.200181241E1,1.200181241E1
1.059883951E2,4.766430306E1,1.766253002E1,1.193737834E2,7.892145634E0,2.120816358E2,8.001208274E0,8.001208274E0
1.069883921E2,4.766423316E1,1.766245845E1,1.193883778E2,8.360959053E0,2.148597260E2,8.001208274E0,8.001208274E0
1.079883889E2,4.766416528E1,1.766239425E1,1.193898372E2,8.693155289E0,2.148597260E2,8.001208274E0,8.001208274E0
1.089883854E2,4.766409192E1,1.766232889E1,1.193921530E2,8.693155289E0,2.148597260E2,8.001208274E0,8.001208274E0
1.099883827E2,4.766402806E1,1.766227473E1,1.194810579E2,8.693155289E0,2.148597260E2,6.000906205E0,6.000906205E0
1.109883783E2,4.766395208E1,1.766221207E1,1.196309992E2,8.485245705E0,2.117978973E2,6.000906205E0,6.000906205E0
1.119883752E2,4.766389803E1,1.766217273E1,1.198153338E2,7.074364185E0,2.117978973E2,6.000906205E0,6.000906205E0
1.129883715E2,4.766384239E1,1.766212474E1,1.200100429E2,7.211045742E0,2.117978973E2,6.000906205E0,6.000906205E0
1.139885123E2,4.766378453E1,1.766207314E1,1.201871402E2,7.211045742E0,2.117978973E2,6.000906205E0,6.000906205E0
1.149885086E2,4.766372218E1,1.766201558E1,1.203256171E2,7.737900257E0,2.128724365E2,6.000906205E0,6.000906205E0
1.159884802E2,4.766365431E1,1.766195109E1,1.204076350E2,9.044170380E0,2.128724365E2,6.000906205E0,6.000906205E0
1.169884515E2,4.766358226E1,1.766188347E1,1.204136807E2,9.898535728E0,2.128724365E2,6.000906205E0,6.000906205E0
1.179884373E2,4.766350663E1,1.766180923E1,1.204413253E2,9.898535728E0,2.128724365E2,6.000906205E0,6.000906205E0
1.189884223E2,4.766342309E1,1.766172770E1,1.205547771E2,1.051585865E1,2.128724365E2,6.000906205E0,6.000906205E0
1.199884236E2,4.766334897E1,1.766165020E1,1.207320433E2,1.051585865E1,2.128724365E2,6.000906205E0,6.000906205E0
1.209884217E2,4.766327161E1,1.766157555E1,1.209275287E2,9.906353951E0,2.128724365E2,6.000906205E0,6.000906205E0
1.219884279E2,4.766319562E1,1.766149745E1,1.210094521E2,9.929127693E0,2.132059631E2,8.001208274E0,8.001208274E0
1.229884322E2,4.766311902E1,1.766142860E1,1.210392188E2,9.929127693E0,2.132059631E2,8.001208274E0,8.001208274E0
1.239884387E2,4.766306736E1,1.766138306E1,1.210929111E2,1.004418945E1,2.132059631E2,6.000906205E0,6.000906205E0
1.249884435E2,4.766295809E1,1.766127132E1,1.211593781E2,1.127984715E1,2.159009094E2,6.000906205E0,6.000906205E0
1.259884475E2,4.766287590E1,1.766118286E1,1.211485977E2,1.127984715E1,2.159009094E2,6.000906205E0,6.000906205E0
1.269884514E2,4.766279504E1,1.766109750E1,1.211409828E2,1.084083271E1,2.159009094E2,6.000906205E0,6.000906205E0
1.279884554E2,4.766271542E1,1.766101532E1,1.211881355E2,1.075250435E1,2.159009094E2,6.000906205E0,6.000906205E0
1.289884584E2,4.766263387E1,1.766093262E1,1.211689005E2,1.119335842E1,2.159035950E2,6.000906205E0,6.000906205E0
1.299884614E2,4.766254956E1,1.766084700E1,1.211377809E2,1.149629593E1,2.159035950E2,6.000906205E0,6.000906205E0
1.309884651E2,4.766246589E1,1.766075631E1,1.211639337E2,1.149629593E1,2.159035950E2,4.000604137E0,4.000604137E0
1.319884670E2,4.766238446E1,1.766066055E1,1.212722375E2,1.149629593E1,2.159035950E2,4.000604137E0,4.000604137E0
1.329884685E2,4.766230002E1,1.766056622E1,1.213718511E2,1.192745399E1,2.159035950E2,4.000604137E0,4.000604137E0
1.339884704E2,4.766221247E1,1.766047035E1,1.213927302E2,1.223231220E1,2.159035950E2,4.000604137E0,4.000604137E0
1.349884727E2,4.766212065E1,1.766037577E1,1.213931152E2,1.223231220E1,2.203226166E2,6.000906205E0,6.000906205E0
1.359884734E2,4.766202935E1,1.766027975E1,1.213920825E2,1.232178688E1,2.203226166E2,6.000906205E0,6.000906205E0
1.369884756E2,4.766194194E1,1.766017759E1,1.213913063E2,1.186581516E1,2.203226166E2,6.000906205E0,6.000906205E0
1.379884760E2,4.766185871E1,1.766007835E1,1.213908167E2,1.186581516E1,2.203226166E2,6.000906205E0,6.000906205E0
1.389884776E2,4.766178128E1,1.765997644E1,1.213905068E2,1.125263596E1,2.203226166E2,6.000906205E0,6.000906205E0
1.399884778E2,4.766170795E1,1.765987570E1,1.213903111E2,1.095528984E1,2.203226166E2,6.000906205E0,6.000906205E0
1.409884778E2,4.766163684E1,1.765977793E1,1.213901954E2,1.078192043E1,2.203226166E2,6.000906205E0,6.000906205E0
1.419884790E2,4.766156276E1,1.765968123E1,1.213901151E2,1.101069069E1,2.203226166E2,6.000906205E0,6.000906205E0
1.429884794E2,4.766148311E1,1.765959231E1,1.213900796E2,1.101069069E1,2.203226166E2,6.000906205E0,6.000906205E0
1.439884795E2,4.766140235E1,1.765950685E1,1.213900486E2,1.101069069E1,2.190030975E2,6.000906205E0,6.000906205E0
1.449884796E2,4.766132534E1,1.765941920E1,1.213900318E2,1.051449203E1,2.190030975E2,6.000906205E0,6.000906205E0
1.459884789E2,4.766125191E1,1.765933293E1,1.213594881E2,1.051449203E1,2.190030975E2,6.000906205E0,6.000906205E0
1.469884794E2,4.766118046E1,1.765924747E1,1.212314093E2,1.041347885E1,2.190030975E2,6.000906205E0,6.000906205E0
1.479884787E2,4.766111773E1,1.765916577E1,1.210376154E2,9.725215912E0,2.190030975E2,6.000906205E0,6.000906205E0
1.489884784E2,4.766105889E1,1.765909073E1,1.208066805E2,8.834688187E0,2.190030975E2,6.000906205E0,6.000906205E0
1.499884784E2,4.766100206E1,1.765901594E1,1.206973993E2,8.576211929E0,2.190030975E2,6.000906205E0,6.000906205E0
1.509884775E2,4.766094495E1,1.765893621E1,1.206473736E2,8.861591339E0,2.190030975E2,6.000906205E0,6.000906205E0
1.519884768E2,4.766088402E1,1.765886267E1,1.205922734E2,8.666563034E0,2.190030975E2,6.000906205E0,6.000906205E0
1.529884766E2,4.766082080E1,1.765879455E1,1.205148029E2,8.683137894E0,2.190030975E2,6.000906205E0,6.000906205E0
1.539884746E2,4.766076220E1,1.765871783E1,1.204677935E2,8.683137894E0,2.190030975E2,6.000906205E0,6.000906205E0
1.549884741E2,4.766069996E1,1.765865065E1,1.204385655E2,8.627227783E0,2.137701111E2,6.000906205E0,6.000906205E0
1.559884731E2,4.766063997E1,1.765858063E1,1.204203306E2,8.627227783E0,2.075964508E2,6.000906205E0,6.000906205E0
1.569884719E2,4.766059567E1,1.765853657E1,1.203977704E2,8.357310295E0,2.075964508E2,6.000906205E0,6.000906205E0
1.579884706E2,4.766052163E1,1.765847565E1,1.203845280E2,7.672543049E0,2.080512238E2,6.000906205E0,6.000906205E0
1.589884698E2,4.766046006E1,1.765843583E1,1.203855521E2,7.672543049E0,2.067904053E2,6.000906205E0,6.000906205E0
1.599884686E2,4.766040022E1,1.765837774E1,1.203871102E2,7.902051449E0,2.267229659E2,6.000906205E0,6.000906205E0
1.609884681E2,4.766035715E1,1.765830130E1,1.203881861E2,7.902051449E0,2.407231598E2,6.000906205E0,6.000906205E0
1.619884664E2,4.766033077E1,1.765820819E1,1.203498965E2,7.420468807E0,2.294060281E2,6.000906205E0,6.000906205E0
1.629884648E2,4.766028820E1,1.765814313E1,1.202088208E2,7.263643742E0,2.095774835E2,6.000906205E0,6.000906205E0
1.639884641E2,4.766023706E1,1.765811207E1,1.200298634E2,6.814985752E0,1.826107788E2,6.000906205E0,6.000906205E0
1.649884623E2,4.766018050E1,1.765811985E1,1.198710817E2,6.600576878E0,1.596205139E2,6.000906205E0,6.000906205E0
1.659884607E2,4.766012196E1,1.765821033E1,1.197801944E2,6.765643597E0,1.090398331E2,6.000906205E0,6.000906205E0
1.669884596E2,4.766011388E1,1.765828920E1,1.197976514E2,6.600576878E0,8.266957092E1,6.000906205E0,6.000906205E0
1.679884580E2,4.766014126E1,1.765840826E1,1.199256025E2,6.765643597E0,5.392403412E1,6.000906205E0,6.000906205E0
1.689884564E2,4.766018669E1,1.765846991E1,1.200905171E2,6.834596634E0,1.715159225E1,6.000906205E0,6.000906205E0
1.699884549E2,4.766023742E1,1.765850629E1,1.202020128E2,8.361515999E0,1.981155872E0,6.000906205E0,6.000906205E0
1.709884534E2,4.766024470E1,1.765851862E1,1.202724886E2,8.589350700E0,1.981155872E0,8.086915978E0,8.086915978E0
1.719884524E2,4.766024888E1,1.765851883E1,1.203166013E2,8.589350700E0,1.981155872E0,1.700749268E1,1.700749268E1
1.729884501E2,4.766046807E1,1.765852926E1,1.203441525E2,8.744704247E0,2.679040527E1,6.000906205E0,6.000906205E0
1.739884490E2,4.766056295E1,1.765863038E1,1.203613684E2,8.895533562E0,2.759645271E1,6.000906205E0,6.000906205E0
1.749884477E2,4.766062566E1,1.765866908E1,1.203721125E2,9.081530571E0,2.759645271E1,6.000906205E0,6.000906205E0
1.759884456E2,4.766069180E1,1.765872642E1,1.203788311E2,9.534077644E0,3.377010345E1,4.000604137E0,4.000604137E0
1.769884446E2,4.766077313E1,1.765880054E1,1.203830186E2,9.534077644E0,3.900309372E1,4.000604137E0,4.000604137E0
1.779884430E2,4.766084850E1,1.765887309E1,1.203856346E2,9.952407837E0,3.900309372E1,4.000604137E0,4.000604137E0
1.789884416E2,4.766092403E1,1.765895691E1,1.203862533E2,9.970334053E0,3.900309372E1,4.000604137E0,4.000604137E0
1.799884394E2,4.766099980E1,1.765904223E1,1.204432381E2,1.053977585E1,3.900309372E1,4.000604137E0,4.000604137E0
1.809884369E2,4.766107342E1,1.765913051E1,1.205035798E2,1.074468517E1,3.900309372E1,4.000604137E0,4.000604137E0
1.819884356E2,4.766115084E1,1.765922531E1,1.205072931E2,1.074468517E1,3.900309372E1,4.000604137E0,4.000604137E0
1.829884347E2,4.766122608E1,1.765932239E1,1.205397308E2,1.095314884E1,3.900309372E1,4.000604137E0,4.000604137E0
1.839884326E2,4.766130360E1,1.765942353E1,1.206818143E2,1.097388363E1,3.900309372E1,4.000604137E0,4.000604137E0
1.849884306E2,4.766137865E1,1.765952113E1,1.209027441E2,1.087072372E1,3.900309372E1,4.000604137E0,4.000604137E0
1.859884291E2,4.766145186E1,1.765961238E1,1.210811863E2,1.087072372E1,3.900309372E1,4.000604137E0,4.000604137E0
1.869884274E2,4.766152450E1,1.765970779E1,1.211966715E2,1.077226830E1,4.032260895E1,4.000604137E0,4.000604137E0
1.879884256E2,4.766160582E1,1.765980760E1,1.212692079E2,1.077226830E1,4.032260895E1,4.000604137E0,4.000604137E0
1.889884235E2,4.766167792E1,1.765989412E1,1.213145566E2,1.120993996E1,4.032260895E1,4.000604137E0,4.000604137E0
1.899884220E2,4.766176311E1,1.766000036E1,1.213428769E2,1.147233582E1,4.032260895E1,4.000604137E0,4.000604137E0
1.909884343E2,4.766183903E1,1.766009854E1,1.213605679E2,1.147233582E1,4.032260895E1,4.000604137E0,4.000604137E0
1.919884188E2,4.766191861E1,1.766019949E1,1.213716204E2,1.140644646E1,4.032260895E1,4.000604137E0,4.000604137E0
1.929884166E2,4.766199788E1,1.766029591E1,1.213785210E2,1.136297894E1,4.032260895E1,4.000604137E0,4.000604137E0
1.939884156E2,4.766207598E1,1.766038669E1,1.213828228E2,1.114644051E1,4.032260895E1,4.000604137E0,4.000604137E0
1.949884130E2,4.766215682E1,1.766048146E1,1.213855189E2,1.124726105E1,4.032260895E1,4.000604137E0,4.000604137E0
1.959884119E2,4.766217506E1,1.766049819E1,1.213872030E2,1.152960110E1,4.032260895E1,4.000604137E0,4.000604137E0
1.969884099E2,4.766232097E1,1.766066734E1,1.214117748E2,1.152960110E1,3.590358734E1,4.000604137E0,4.000604137E0
1.979884076E2,4.766240628E1,1.766076473E1,1.214936357E2,1.152960110E1,3.590358734E1,4.000604137E0,4.000604137E0
1.989884056E2,4.766248351E1,1.766085462E1,1.215509581E2,1.141717052E1,3.590358734E1,4.000604137E0,4.000604137E0
1.999884048E2,4.766256403E1,1.766094591E1,1.215207651E2,1.145888615E1,3.590358734E1,6.000906205E0,6.000906205E0
2.009884024E2,4.766264990E1,1.766103118E1,1.214284269E2,1.167884827E1,3.590358734E1,6.000906205E0,6.000906205E0
2.019884007E2,4.766273356E1,1.766112705E1,1.213575186E2,1.145888615E1,3.590358734E1,6.000906205E0,6.000906205E0
2.029883986E2,4.766281319E1,1.766121424E1,1.213670858E2,1.128348541E1,3.590358734E1,6.000906205E0,6.000906205E0
2.039883970E2,4.766289298E1,1.766130703E1,1.213483358E2,1.099202251E1,3.590358734E1,6.000906205E0,6.000906205E0
2.049883949E2,4.766297984E1,1.766139112E1,1.213196816E2,1.144619560E1,3.590358734E1,6.000906205E0,6.000906205E0
2.059883931E2,4.766303363E1,1.766144164E1,1.213417689E2,1.144619560E1,3.590358734E1,6.000906205E0,6.000906205E0
2.069883916E2,4.766313616E1,1.766155150E1,1.213567492E2,1.110177040E1,3.320854187E1,6.000906205E0,6.000906205E0
2.079883893E2,4.766322344E1,1.766163248E1,1.213282408E2,1.110177040E1,3.320854187E1,6.000906205E0,6.000906205E0
2.089883882E2,4.766330997E1,1.766171458E1,1.213222040E2,1.124149990E1,3.287500000E1,6.000906205E0,6.000906205E0
2.099883866E2,4.766340170E1,1.766177871E1,1.213447265E2,1.105398369E1,3.287500000E1,6.000906205E0,6.000906205E0
2.109883840E2,4.766348884E1,1.766186426E1,1.212767761E2,1.177619839E1,3.287500000E1,6.000906205E0,6.000906205E0
2.119883827E2,4.766357638E1,1.766195416E1,1.211211026E2,1.139142036E1,3.287500000E1,6.000906205E0,6.000906205E0
2.129883803E2,4.766366495E1,1.766203478E1,1.209169275E2,1.139142036E1,3.287500000E1,6.000906205E0,6.000906205E0
2.139883789E2,4.766375148E1,1.766211723E1,1.208146481E2,1.120433617E1,3.180042267E1,6.000906205E0,6.000906205E0
2.149883766E2,4.766383023E1,1.766219059E1,1.207690854E2,1.003870487E1,3.180042267E1,6.000906205E0,6.000906205E0
2.159883751E2,4.766390930E1,1.766225899E1,1.207012066E2,1.003870487E1,3.180042267E1,6.000906205E0,6.000906205E0
2.169883736E2,4.766398131E1,1.766232118E1,1.205682682E2,9.656689644E0,3.180042267E1,6.000906205E0,6.000906205E0
2.169883736E2,4.766425462E1,1.766255050E1,1.194865635E2,1.467743754E0,3.453946409E1,8.001208274E0,8.001208274E0
2.179883722E2,4.766426555E1,1.766256103E1,1.194503028E2,2.043080091E0,3.235750210E1,6.000906205E0,6.000906205E0
2.189883965E2,4.766428911E1,1.766258856E1,1.194276704E2,4.207600117E0,3.272217956E1,6.000906205E0,6.000906205E0
2.199883684E2,4.766432809E1,1.766262194E1,1.194135281E2,4.207600117E0,3.486236191E1,6.000906205E0,6.000906205E0
2.209883666E2,4.766437228E1,1.766266259E1,1.194046844E2,5.188815117E0,3.486236191E1,6.000906205E0,6.000906205E0
2.219883649E2,4.766442039E1,1.766271256E1,1.193991721E2,6.512965679E0,3.486236191E1,6.000906205E0,6.000906205E0
2.229883623E2,4.766447062E1,1.766275955E1,1.193957232E2,6.149050713E0,3.486236191E1,6.000906205E0,6.000906205E0
2.239883612E2,4.766451929E1,1.766280476E1,1.193935793E2,6.149050713E0,3.486236191E1,6.000906205E0,6.000906205E0
2.249883595E2,4.766456617E1,1.766285969E1,1.193922388E2,6.149050713E0,3.486236191E1,6.000906205E0,6.000906205E0
2.259883571E2,4.766461643E1,1.766291695E1,1.193913906E2,6.998925209E0,3.486236191E1,8.001208274E0,8.001208274E0
2.269883556E2,4.766467214E1,1.766297777E1,1.193908664E2,7.132352352E0,3.486236191E1,6.000906205E0,6.000906205E0
2.279883533E2,4.766473318E1,1.766303969E1,1.193905393E2,8.140940666E0,3.486236191E1,6.000906205E0,6.000906205E0
2.289883515E2,4.766478888E1,1.766311811E1,1.193903418E2,9.802311897E0,3.486236191E1,6.000906205E0,6.000906205E0
2.299883503E2,4.766487075E1,1.766322109E1,1.193902122E2,9.802311897E0,4.517279434E1,6.000906205E0,6.000906205E0
2.309883481E2,4.766495694E1,1.766335714E1,1.193901305E2,1.310405445E1,4.517279434E1,8.001208274E0,8.001208274E0
2.319883457E2,4.766505441E1,1.766348369E1,1.193944757E2,1.315944672E1,4.517279434E1,4.000604137E0,4.000604137E0
2.329883443E2,4.766513774E1,1.766359497E1,1.193932348E2,1.246933842E1,4.528754807E1,4.000604137E0,4.000604137E0
2.339883425E2,4.766521798E1,1.766371240E1,1.193920670E2,1.246933842E1,4.528754807E1,4.000604137E0,4.000604137E0
2.349883404E2,4.766529117E1,1.766383123E1,1.195128960E2,1.188413239E1,4.528754807E1,4.000604137E0,4.000604137E0
2.359883382E2,4.766535359E1,1.766393927E1,1.197436480E2,1.113557816E1,4.528754807E1,4.000604137E0,4.000604137E0
2.369883362E2,4.766541954E1,1.766404264E1,1.199764522E2,1.029870129E1,4.508940506E1,4.000604137E0,4.000604137E0
2.379883356E2,4.766548298E1,1.766414737E1,1.201307309E2,1.070821667E1,4.940447998E1,4.000604137E0,4.000604137E0
2.389883327E2,4.766555382E1,1.766426424E1,1.202279794E2,1.121353054E1,4.940447998E1,4.000604137E0,4.000604137E0
2.399883313E2,4.766562066E1,1.766438108E1,1.204042433E2,1.121353054E1,4.940447998E1,4.000604137E0,4.000604137E0
2.409883295E2,4.766568907E1,1.766450276E1,1.206101066E2,1.146525955E1,4.940447998E1,4.000604137E0,4.000604137E0
2.419883276E2,4.766575587E1,1.766461913E1,1.207581756E2,1.146525955E1,5.036929321E1,4.000604137E0,4.000604137E0
2.429883261E2,4.766582097E1,1.766473414E1,1.208906323E2,1.108720112E1,5.036929321E1,4.000604137E0,4.000604137E0
2.439883233E2,4.766584613E1,1.766477217E1,1.210682884E2,1.108720112E1,5.036929321E1,6.000906205E0,6.000906205E0
2.449883221E2,4.766594786E1,1.766495084E1,1.211516012E2,1.093415356E1,4.894827271E1,4.000604137E0,4.000604137E0
2.459883204E2,4.766601420E1,1.766506187E1,1.212152212E2,1.080239964E1,4.894827271E1,4.000604137E0,4.000604137E0
2.469883178E2,4.766606880E1,1.766515484E1,1.213045025E2,9.987401009E0,4.894827271E1,4.000604137E0,4.000604137E0
2.479883161E2,4.766611272E1,1.766522699E1,1.213676069E2,6.145089626E0,4.894551468E1,4.000604137E0,4.000604137E0
2.489883155E2,4.766614881E1,1.766527641E1,1.213791084E2,6.145089626E0,4.894551468E1,6.000906205E0,6.000906205E0
2.499883119E2,4.766616755E1,1.766531115E1,1.213861362E2,4.002279758E0,4.894551468E1,6.000906205E0,6.000906205E0
2.509883107E2,4.766618481E1,1.766533258E1,1.214201139E2,2.721792459E0,4.894551468E1,6.000906205E0,6.000906205E0
2.519883088E2,4.766619034E1,1.766534701E1,1.214592721E2,1.612793684E0,4.894551468E1,6.000906205E0,6.000906205E0
2.529883065E2,4.766619352E1,1.766535241E1,1.214929472E2,6.538499594E-1,4.894551468E1,6.000906205E0,6.000906205E0
2.539883056E2,4.766620292E1,1.766535626E1,1.215217480E2,7.299492359E-1,4.894551468E1,6.000906205E0,6.000906205E0
2.549883026E2,4.766620940E1,1.766536923E1,1.215427418E2,7.299492359E-1,4.894551468E1,6.000906205E0,6.000906205E0
2.559883016E2,4.766622302E1,1.766539994E1,1.215649462E2,1.830972075E0,4.894551468E1,6.000906205E0,6.000906205E0
2.569882990E2,4.766623694E1,1.766544881E1,1.215958821E2,3.195858717E0,4.894551468E1,6.000906205E0,6.000906205E0
2.579882973E2,4.766625992E1,1.766549770E1,1.216418911E2,4.677986145E0,4.894551468E1,6.000906205E0,6.000906205E0
2.589882953E2,4.766629545E1,1.766557061E1,1.216838592E2,7.514583111E0,4.443694305E1,6.000906205E0,6.000906205E0
2.599882939E2,4.766635408E1,1.766563662E1,1.217016104E2,7.514583111E0,4.443694305E1,6.000906205E0,6.000906205E0
2.609882919E2,4.766641576E1,1.766571704E1,1.216399807E2,8.444483757E0,4.443694305E1,6.000906205E0,6.000906205E0
2.619882898E2,4.766649374E1,1.766582141E1,1.215167584E2,1.052786827E1,4.443694305E1,6.000906205E0,6.000906205E0
2.629882882E2,4.766657657E1,1.766593427E1,1.213389821E2,1.263789082E1,4.443694305E1,6.000906205E0,6.000906205E0
2.639882867E2,4.766666325E1,1.766605108E1,1.211996682E2,1.311618423E1,4.443631744E1,6.000906205E0,6.000906205E0
2.649882839E2,4.766674293E1,1.766617771E1,1.211838966E2,1.263789082E1,4.443631744E1,6.000906205E0,6.000906205E0
2.659882821E2,4.766681893E1,1.766630273E1,1.211585065E2,1.243426132E1,4.443631744E1,6.000906205E0,6.000906205E0
2.669882808E2,4.766689379E1,1.766643195E1,1.210483565E2,1.239010239E1,5.229600525E1,6.000906205E0,6.000906205E0
2.679882784E2,4.766696581E1,1.766655337E1,1.208811021E2,1.242546558E1,5.229600525E1,6.000906205E0,6.000906205E0
2.689882772E2,4.766704406E1,1.766668775E1,1.206936217E2,1.296751690E1,5.229600525E1,6.000906205E0,6.000906205E0
2.699882751E2,4.766711530E1,1.766682594E1,1.205953052E2,1.296751690E1,5.124179077E1,6.000906205E0,6.000906205E0
2.709882728E2,4.766718459E1,1.766697042E1,1.205946059E2,1.314395142E1,5.124179077E1,6.000906205E0,6.000906205E0
2.719882708E2,4.766725819E1,1.766711632E1,1.205679903E2,1.314395142E1,5.124179077E1,6.000906205E0,6.000906205E0
2.729882691E2,4.766732878E1,1.766725246E1,1.204624829E2,1.252802277E1,5.124179077E1,4.000604137E0,4.000604137E0
2.739882683E2,4.766740059E1,1.766738487E1,1.203159489E2,1.268242741E1,5.124179077E1,4.000604137E0,4.000604137E0
2.749882655E2,4.766747467E1,1.766751906E1,1.202419968E2,1.268242741E1,5.124179077E1,4.000604137E0,4.000604137E0
2.759882647E2,4.766754882E1,1.766765476E1,1.202873909E2,1.294867611E1,5.081050873E1,4.000604137E0,4.000604137E0
2.769882625E2,4.766762462E1,1.766779412E1,1.202641486E2,1.332139874E1,5.081050873E1,4.000604137E0,4.000604137E0
2.779882592E2,4.766770379E1,1.766793904E1,1.201506840E2,1.353765678E1,5.041259384E1,4.000604137E0,4.000604137E0
2.789882584E2,4.766778383E1,1.766807949E1,1.199753803E2,1.382703018E1,5.041259384E1,4.000604137E0,4.000604137E0
2.799882562E2,4.766786496E1,1.766822048E1,1.197973122E2,1.382703018E1,5.041259384E1,4.000604137E0,4.000604137E0
2.809882551E2,4.766794527E1,1.766836123E1,1.197870448E2,1.382703018E1,5.041259384E1,4.000604137E0,4.000604137E0
2.819882526E2,4.766802050E1,1.766850509E1,1.197853451E2,1.365006924E1,5.041259384E1,4.000604137E0,4.000604137E0
2.829882512E2,4.766809929E1,1.766864466E1,1.196934668E2,1.342602348E1,5.041259384E1,4.000604137E0,4.000604137E0
2.839882492E2,4.766817594E1,1.766878324E1,1.196195145E2,1.342602348E1,5.041259384E1,4.000604137E0,4.000604137E0
2.849882467E2,4.766823874E1,1.766892875E1,1.196559273E2,1.333115673E1,6.645173645E1,4.000604137E0,4.000604137E0
2.859882442E2,4.766830294E1,1.766908018E1,1.196999158E2,1.317191029E1,6.645173645E1,4.000604137E0,4.000604137E0
2.869882429E2,4.766836736E1,1.766923233E1,1.198255900E2,1.317130470E1,6.645173645E1,4.000604137E0,4.000604137E0
2.879882413E2,4.766841531E1,1.766939593E1,1.199774092E2,1.313788319E1,6.645173645E1,4.000604137E0,4.000604137E0
2.889882395E2,4.766843589E1,1.766948553E1,1.200279533E2,1.313788319E1,6.645173645E1,6.000906205E0,6.000906205E0
2.899882377E2,4.766850222E1,1.766972549E1,1.200639754E2,1.309631157E1,6.598702240E1,6.000906205E0,6.000906205E0
2.909882360E2,4.766855050E1,1.766988478E1,1.201747218E2,1.302073383E1,6.598702240E1,6.000906205E0,6.000906205E0
2.919882345E2,4.766859761E1,1.767004449E1,1.202543786E2,1.309631157E1,5.722507477E1,6.000906205E0,6.000906205E0
2.929882323E2,4.766866248E1,1.767019347E1,1.203077865E2,1.335057640E1,5.226684570E1,6.000906205E0,6.000906205E0
2.939882302E2,4.766873425E1,1.767033704E1,1.203389040E2,1.339627934E1,5.226684570E1,6.000906205E0,6.000906205E0
2.949882274E2,4.766880710E1,1.767047652E1,1.203994879E2,1.335057640E1,5.226684570E1,6.000906205E0,6.000906205E0
2.959882259E2,4.766888009E1,1.767061577E1,1.204711484E2,1.308962250E1,5.522093582E1,6.000906205E0,6.000906205E0
2.969882245E2,4.766895120E1,1.767075581E1,1.205304172E2,1.308962250E1,4.929029083E1,6.000906205E0,6.000906205E0
2.979882216E2,4.766902493E1,1.767090055E1,1.206764746E2,1.318750477E1,4.929029083E1,6.000906205E0,6.000906205E0
2.989882210E2,4.766910063E1,1.767103595E1,1.207613792E2,1.318750477E1,4.929029083E1,6.000906205E0,6.000906205E0
2.999882182E2,4.766914409E1,1.767111902E1,1.207218731E2,1.287975883E1,4.929029083E1,6.000906205E0,6.000906205E0
3.009882165E2,4.766924677E1,1.767129874E1,1.206757762E2,1.287975883E1,5.013489532E1,4.000604137E0,4.000604137E0
3.019882146E2,4.766932459E1,1.767143509E1,1.207393367E2,1.318674374E1,5.013489532E1,4.000604137E0,4.000604137E0
3.029882127E2,4.766940138E1,1.767157305E1,1.207707965E2,1.332415962E1,5.013489532E1,4.000604137E0,4.000604137E0
3.039882116E2,4.766947764E1,1.767171056E1,1.206963378E2,1.332415962E1,5.013489532E1,4.000604137E0,4.000604137E0
3.049882094E2,4.766955441E1,1.767184639E1,1.206352923E2,1.325641632E1,5.013489532E1,4.000604137E0,4.000604137E0
3.059882076E2,4.766963297E1,1.767197961E1,1.206806038E2,1.323603249E1,5.013489532E1,4.000604137E0,4.000604137E0
3.069882051E2,4.766970026E1,1.767208590E1,1.206939790E2,1.323603249E1,5.013489532E1,4.000604137E0,4.000604137E0
3.079882033E2,4.766979974E1,1.767223762E1,1.206024957E2,1.340800095E1,4.592494583E1,4.000604137E0,4.000604137E0
3.089882019E2,4.766988400E1,1.767236522E1,1.205368914E2,1.356321049E1,4.592494583E1,4.000604137E0,4.000604137E0
3.099882001E2,4.766996757E1,1.767249680E1,1.205557231E2,1.352847958E1,4.592494583E1,4.000604137E0,4.000604137E0
3.109881979E2,4.767004988E1,1.767262375E1,1.205403715E2,1.352847958E1,4.592494583E1,4.000604137E0,4.000604137E0
3.119881965E2,4.767009300E1,1.767269047E1,1.206127057E2,1.323795033E1,4.592494583E1,4.000604137E0,4.000604137E0
3.129881942E2,4.767021377E1,1.767287460E1,1.207015263E2,1.308989048E1,4.816204071E1,4.000604137E0,4.000604137E0
3.139881927E2,4.767029993E1,1.767300075E1,1.207714512E2,1.344732189E1,4.479245758E1,4.000604137E0,4.000604137E0
3.149881909E2,4.767039004E1,1.767312312E1,1.208967252E2,1.320378876E1,4.379000854E1,4.000604137E0,4.000604137E0
3.159881889E2,4.767047436E1,1.767324837E1,1.209680157E2,1.340982628E1,4.379000854E1,4.000604137E0,4.000604137E0
3.169881864E2,4.767053984E1,1.767334967E1,1.210417357E2,1.340982628E1,4.379000854E1,4.000604137E0,4.000604137E0
3.179881847E2,4.767063896E1,1.767351178E1,1.211587512E2,1.387584591E1,4.431488800E1,6.000906205E0,6.000906205E0
3.189881842E2,4.767072301E1,1.767364954E1,1.211384551E2,1.387584591E1,4.431488800E1,6.000906205E0,6.000906205E0
3.199881804E2,4.767081156E1,1.767378587E1,1.210467496E2,1.365694237E1,4.431488800E1,6.000906205E0,6.000906205E0
3.209881791E2,4.767089559E1,1.767391945E1,1.210414380E2,1.353966808E1,4.431488800E1,4.000604137E0,4.000604137E0
3.219881769E2,4.767098181E1,1.767404798E1,1.210838084E2,1.353662872E1,4.431488800E1,4.000604137E0,4.000604137E0
3.229881756E2,4.767106841E1,1.767417140E1,1.210095344E2,1.313278580E1,4.431226730E1,4.000604137E0,4.000604137E0
3.239881735E2,4.767115368E1,1.767428926E1,1.208471860E2,1.313278580E1,4.431226730E1,4.000604137E0,4.000604137E0
3.249881713E2,4.767122985E1,1.767439875E1,1.206825671E2,1.306534576E1,4.431226730E1,4.000604137E0,4.000604137E0
3.259881697E2,4.767131681E1,1.767451802E1,1.205734218E2,1.275827789E1,4.052548981E1,4.000604137E0,4.000604137E0
3.269881680E2,4.767140802E1,1.767463981E1,1.205281201E2,1.296179962E1,4.052548981E1,4.000604137E0,4.000604137E0
3.279881659E2,4.767150080E1,1.767475137E1,1.204786146E2,1.301979351E1,4.052548981E1,4.000604137E0,4.000604137E0
3.289881644E2,4.767159073E1,1.767486233E1,1.204455803E2,1.343031979E1,4.052548981E1,4.000604137E0,4.000604137E0
3.299881626E2,4.767168445E1,1.767498097E1,1.204247399E2,1.343031979E1,4.052548981E1,4.000604137E0,4.000604137E0
3.309881605E2,4.767177951E1,1.767509370E1,1.203902599E2,1.343031979E1,4.052548981E1,4.000604137E0,4.000604137E0
3.319881586E2,4.767186669E1,1.767520127E1,1.202516252E2,1.319039726E1,4.052548981E1,4.000604137E0,4.000604137E0
3.329881561E2,4.767195633E1,1.767530577E1,1.200441689E2,1.231254864E1,4.052548981E1,6.000906205E0,6.000906205E0
3.339881542E2,4.767200651E1,1.767536089E1,1.198435770E2,1.231254864E1,4.052548981E1,6.000906205E0,6.000906205E0
3.349881524E2,4.767213264E1,1.767550511E1,1.197795588E2,1.231254864E1,3.842610168E1,4.000604137E0,4.000604137E0
3.359881502E2,4.767220657E1,1.767559402E1,1.197330020E2,1.246178722E1,3.842610168E1,4.000604137E0,4.000604137E0
3.369881487E2,4.767231045E1,1.767571474E1,1.196159836E2,1.272135067E1,3.846703720E1,4.000604137E0,4.000604137E0
3.379881477E2,4.767240270E1,1.767581610E1,1.195323213E2,1.281409836E1,3.846703720E1,4.000604137E0,4.000604137E0
3.389881448E2,4.767249379E1,1.767592079E1,1.194790073E2,1.281409836E1,3.846703720E1,4.000604137E0,4.000604137E0
3.399881432E2,4.767258852E1,1.767601842E1,1.194480365E2,1.280705929E1,3.846703720E1,4.000604137E0,4.000604137E0
3.409881417E2,4.767268217E1,1.767611672E1,1.194264824E2,1.276118374E1,3.846703720E1,4.000604137E0,4.000604137E0
3.419881395E2,4.767277209E1,1.767621382E1,1.194128051E2,1.260558319E1,3.846703720E1,4.000604137E0,4.000604137E0
3.429881375E2,4.767285820E1,1.767631103E1,1.194042413E2,1.168978500E1,3.844913864E1,4.000604137E0,4.000604137E0
3.439881356E2,4.767293304E1,1.767640895E1,1.193988943E2,1.168978500E1,3.844913864E1,4.000604137E0,4.000604137E0
3.449881338E2,4.767301008E1,1.767650334E1,1.193955581E2,1.123804092E1,3.844913864E1,4.000604137E0,4.000604137E0
3.459881319E2,4.767308576E1,1.767658962E1,1.193934666E2,1.071460629E1,3.844913864E1,4.000604137E0,4.000604137E0
3.469881300E2,4.767316216E1,1.767667697E1,1.193550937E2,1.071460629E1,2.927277756E1,4.000604137E0,4.000604137E0
3.479881279E2,4.767324054E1,1.767675995E1,1.192339087E2,1.040540600E1,2.927277756E1,4.000604137E0,4.000604137E0
3.489881263E2,4.767332457E1,1.767681349E1,1.190531913E2,1.040540600E1,2.822182274E1,4.000604137E0,4.000604137E0
3.499881241E2,4.767340194E1,1.767686837E1,1.188281234E2,9.821357727E0,2.822182274E1,4.000604137E0,4.000604137E0
3.509881223E2,4.767347138E1,1.767691685E1,1.186431975E2,9.082756042E0,2.822182274E1,4.000604137E0,4.000604137E0
3.519881204E2,4.767352950E1,1.767697208E1,1.185293573E2,8.015352249E0,2.822182274E1,4.000604137E0,4.000604137E0
3.529881191E2,4.767360227E1,1.767709294E1,1.184751541E2,7.608991146E0,6.610312653E1,4.000604137E0,4.000604137E0
3.539881169E2,4.767362661E1,1.767711234E1,1.184429958E2,8.469189644E0,6.610312653E1,4.000604137E0,4.000604137E0
3.549881150E2,4.767367059E1,1.767723292E1,1.184230807E2,8.469189644E0,4.508852768E1,4.000604137E0,4.000604137E0
3.559881128E2,4.767369868E1,1.767728968E1,1.184106522E2,8.601427078E0,3.005811691E1,4.000604137E0,4.000604137E0
3.569881110E2,4.767378427E1,1.767734935E1,1.184028999E2,8.601427078E0,7.518759727E0,4.000604137E0,4.000604137E0
3.579881090E2,4.767387443E1,1.767734761E1,1.183980598E2,8.615994453E0,3.351572876E2,4.000604137E0,4.000604137E0
3.589881067E2,4.767393588E1,1.767729663E1,1.183950352E2,9.195184708E0,3.256308289E2,6.000906205E0,6.000906205E0
3.599881048E2,4.767401184E1,1.767714112E1,1.183931397E2,9.195184708E0,2.929615479E2,6.000906205E0,6.000906205E0
3.609881032E2,4.767402448E1,1.767706170E1,1.183889539E2,9.195184708E0,2.743851624E2,6.000906205E0,6.000906205E0
3.619881012E2,4.767402561E1,1.767694121E1,1.183139793E2,9.294765472E0,2.547897797E2,6.000906205E0,6.000906205E0
3.629881001E2,4.767400084E1,1.767682834E1,1.181724349E2,1.031916332E1,2.411882935E2,6.000906205E0,6.000906205E0
3.639880975E2,4.767398656E1,1.767676059E1,1.179543880E2,1.031916332E1,2.332149963E2,6.000906205E0,6.000906205E0
3.649880964E2,4.767393786E1,1.767654253E1,1.177078305E2,1.031916332E1,2.738538208E2,6.000906205E0,6.000906205E0
3.659880941E2,4.767395362E1,1.767640684E1,1.175264547E2,1.074212646E1,2.807902527E2,6.000906205E0,6.000906205E0
3.669880919E2,4.767399429E1,1.767623420E1,1.173897335E2,1.278323746E1,2.831616516E2,8.001208274E0,8.001208274E0
3.679880902E2,4.767401622E1,1.767616202E1,1.172535363E2,1.453839684E1,2.831616516E2,6.000906205E0,6.000906205E0
3.689880879E2,4.767406877E1,1.767586531E1,1.171162106E2,1.551139450E1,2.852101135E2,6.000906205E0,6.000906205E0
3.699880866E2,4.767410929E1,1.767565396E1,1.169802551E2,1.551139450E1,2.852101135E2,6.000906205E0,6.000906205E0
3.709880840E2,4.767414916E1,1.767544573E1,1.168426376E2,1.564025497E1,2.847389832E2,6.000906205E0,6.000906205E0
3.719880826E2,4.767418778E1,1.767524792E1,1.167038377E2,1.579823399E1,2.847389832E2,6.000906205E0,6.000906205E0